{
    "LA001": {
        "dem_mean": 92.32553114226175,
        "dem_std": 28.16827495973866,
        "depth_mean": 0.04757567926031756,
        "depth_std": 0.1101664387034405
    },
    "OKC002": {
        "dem_mean": 374.3018467586274,
        "dem_std": 5.311571110752705,
        "depth_mean": 0.188440103555073,
        "depth_std": 0.3089344494761559
    },
    "SF001": {
        "dem_mean": 31.419977196763284,
        "dem_std": 16.811481229285395,
        "depth_mean": 0.06031251284280542,
        "depth_std": 0.14403458641722208
    },
    "OKC001": {
        "dem_mean": 377.08278822769836,
        "dem_std": 6.277379198730806,
        "depth_mean": 0.11055871768217414,
        "depth_std": 0.2898983534178963
    },
    "DAL001": {
        "dem_mean": 140.4455620628893,
        "dem_std": 24.092420011364094,
        "depth_mean": 0.10541036576093231,
        "depth_std": 0.22829827263031277
    },
    "HOU003": {
        "dem_mean": 18.96015800385838,
        "dem_std": 6.40019113509484,
        "depth_mean": 0.11051404871147559,
        "depth_std": 0.23939067959367066
    },
    "ATL001": {
        "dem_mean": 318.62360148201697,
        "dem_std": 24.37318774734886,
        "depth_mean": 0.08202112186539166,
        "depth_std": 0.2640243748043791
    },
    "HOU002": {
        "dem_mean": 20.080254259279474,
        "dem_std": 11.276136614574547,
        "depth_mean": 0.1086217525428167,
        "depth_std": 0.1737965582063074
    },
    "ORL002": {
        "dem_mean": 33.894815484231,
        "dem_std": 4.481567807453057,
        "depth_mean": 8.558049189550838,
        "depth_std": 14.803711365662453
    },
    "AUS001": {
        "dem_mean": 171.58184514740424,
        "dem_std": 15.504562389662237,
        "depth_mean": 0.22268956710519738,
        "depth_std": 0.7141410444363643
    },
    "HOU006": {
        "dem_mean": 13.78907630825976,
        "dem_std": 5.141798878057027,
        "depth_mean": 0.14859874203525922,
        "depth_std": 0.20678666533128157
    },
    "NYC001": {
        "dem_mean": 19.849401976392603,
        "dem_std": 17.657087002602925,
        "depth_mean": 0.08110688982732699,
        "depth_std": 0.21003498557241376
    },
    "ATL002": {
        "dem_mean": 309.7018561559186,
        "dem_std": 7.788048485941286,
        "depth_mean": 0.08053195733960826,
        "depth_std": 0.3315384241036576
    },
    "MIA001": {
        "dem_mean": 4.80324581790353,
        "dem_std": 4.052260468573081,
        "depth_mean": 0.16301065727025876,
        "depth_std": 0.21867319832307708
    },
    "HOU004": {
        "dem_mean": 16.92330610600493,
        "dem_std": 5.705228801341965,
        "depth_mean": 0.13051303404191425,
        "depth_std": 0.2925682773475
    },
    "ORL001": {
        "dem_mean": 32.68351815873939,
        "dem_std": 7.853630447168689,
        "depth_mean": 0.12906268504370288,
        "depth_std": 0.2540457677816646
    },
    "HOU005": {
        "dem_mean": 15.82787546429472,
        "dem_std": 5.993704040548363,
        "depth_mean": 0.14499974023497783,
        "depth_std": 0.273236140587994
    },
    "MIA002": {
        "dem_mean": 5.11364788935146,
        "dem_std": 6.10617926615502,
        "depth_mean": 0.15368952754477197,
        "depth_std": 0.2891532499959219
    },
    "NYC002": {
        "dem_mean": 55.97966720581159,
        "dem_std": 59.24509131596891,
        "depth_mean": 0.08159037322099003,
        "depth_std": 0.22987549497724932
    },
    "LA002": {
        "dem_mean": 72.08543720928962,
        "dem_std": 4.5398713682075655,
        "depth_mean": 0.038341064817979116,
        "depth_std": 0.08114629436457231
    },
    "DAL002": {
        "dem_mean": 160.84535503283163,
        "dem_std": 9.257732096797186,
        "depth_mean": 0.12522441167079837,
        "depth_std": 0.36510520639587746
    },
    "AUS002": {
        "dem_mean": 144.04468823653588,
        "dem_std": 10.918662312621795,
        "depth_mean": 0.2862212271815942,
        "depth_std": 0.60965358176871
    },
    "SF002": {
        "dem_mean": 69.36137938671709,
        "dem_std": 23.778883484889974,
        "depth_mean": 0.016119505888457678,
        "depth_std": 0.10819747598808557
    },
    "HOU007": {
        "dem_mean": 12.483623047261593,
        "dem_std": 5.560664800139699,
        "depth_mean": 0.22745541589843396,
        "depth_std": 0.5280751798763975
    }
}