{
    "HOU005": {
        "dem_mean": 8.226659774780273,
        "dem_std": 9.436284065246582,
        "depth_mean": 0.05479922890663147,
        "depth_std": 0.1408158242702484
    },
    "OKC002": {
        "dem_mean": 282.4764709472656,
        "dem_std": 159.83848571777344,
        "depth_mean": 0.15959432721138,
        "depth_std": 0.4412645399570465
    },
    "DAL002": {
        "dem_mean": 118.66886901855469,
        "dem_std": 73.21897888183594,
        "depth_mean": 0.05917656421661377,
        "depth_std": 0.2487505078315735
    },
    "OKC001": {
        "dem_mean": 284.6793212890625,
        "dem_std": 161.10787963867188,
        "depth_mean": 0.06452535092830658,
        "depth_std": 0.21014463901519775
    },
    "HOU002": {
        "dem_mean": 9.426374435424805,
        "dem_std": 10.380475997924805,
        "depth_mean": 0.07882358878850937,
        "depth_std": 0.17399653792381287
    },
    "NYC001": {
        "dem_mean": 14.195063591003418,
        "dem_std": 18.227691650390625,
        "depth_mean": 0.04796222969889641,
        "depth_std": 0.17085455358028412
    },
    "SF002": {
        "dem_mean": 51.07546615600586,
        "dem_std": 36.57735824584961,
        "depth_mean": 0.008513041771948338,
        "depth_std": 0.07096398621797562
    },
    "ATL001": {
        "dem_mean": 180.7514190673828,
        "dem_std": 158.20541381835938,
        "depth_mean": 0.03564077988266945,
        "depth_std": 0.17352153360843658
    },
    "DAL001": {
        "dem_mean": 99.60686492919922,
        "dem_std": 66.23893737792969,
        "depth_mean": 0.13653799891471863,
        "depth_std": 0.33706921339035034
    },
    "HOU003": {
        "dem_mean": 9.540722846984863,
        "dem_std": 10.968996047973633,
        "depth_mean": 0.05114063620567322,
        "depth_std": 0.19592788815498352
    },
    "AUS002": {
        "dem_mean": 114.70249938964844,
        "dem_std": 73.51172637939453,
        "depth_mean": 0.15760985016822815,
        "depth_std": 0.46064940094947815
    },
    "MIA002": {
        "dem_mean": 3.6277244091033936,
        "dem_std": 6.46598482131958,
        "depth_mean": 0.11135132610797882,
        "depth_std": 0.24070273339748383
    },
    "HOU004": {
        "dem_mean": 8.390857696533203,
        "dem_std": 9.15902328491211,
        "depth_mean": 0.06757941097021103,
        "depth_std": 0.31336167454719543
    },
    "LA001": {
        "dem_mean": 70.11184692382812,
        "dem_std": 38.02509689331055,
        "depth_mean": 0.04511692002415657,
        "depth_std": 0.10956267267465591
    },
    "ORL001": {
        "dem_mean": 21.986743927001953,
        "dem_std": 19.02742576599121,
        "depth_mean": 0.08189121633768082,
        "depth_std": 0.22179917991161346
    },
    "SF001": {
        "dem_mean": 33.5014533996582,
        "dem_std": 27.404298782348633,
        "depth_mean": 0.03243318200111389,
        "depth_std": 0.1348097175359726
    },
    "ATL002": {
        "dem_mean": 171.66903686523438,
        "dem_std": 149.44419860839844,
        "depth_mean": 0.06623701751232147,
        "depth_std": 0.33974775671958923
    },
    "ORL002": {
        "dem_mean": 21.913619995117188,
        "dem_std": 16.863874435424805,
        "depth_mean": 0.05939386412501335,
        "depth_std": 0.1635606735944748
    },
    "HOU006": {
        "dem_mean": 7.747118949890137,
        "dem_std": 8.859979629516602,
        "depth_mean": 0.09536946564912796,
        "depth_std": 0.24592246115207672
    },
    "HOU007": {
        "dem_mean": 7.165518760681152,
        "dem_std": 7.873863220214844,
        "depth_mean": 0.07860516756772995,
        "depth_std": 0.2524006962776184
    },
    "LA002": {
        "dem_mean": 55.92844772338867,
        "dem_std": 28.59136962890625,
        "depth_mean": 0.027566393837332726,
        "depth_std": 0.0780455470085144
    },
    "NYC002": {
        "dem_mean": 34.79738235473633,
        "dem_std": 51.252769470214844,
        "depth_mean": 0.06331143528223038,
        "depth_std": 0.21222063899040222
    },
    "MIA001": {
        "dem_mean": 3.9322688579559326,
        "dem_std": 6.770272254943848,
        "depth_mean": 0.1503826081752777,
        "depth_std": 0.2508988678455353
    },
    "AUS001": {
        "dem_mean": 126.9040298461914,
        "dem_std": 77.99951934814453,
        "depth_mean": 0.08689296245574951,
        "depth_std": 0.35950934886932373
    }
}